T,TM,Tm,H,PP,VV,V,VM,PM_2_5
21,27.6,14.6,61,0,6,2.2,3.5,284.79583333333335
21.6,27.7,17,59,0,6.8,2,3.5,239.69545454545457
22.3,29,16.1,48,0,6.9,2.8,3.5,182.1875
20.9,29,16,66,0,5.5,2.2,3.5,264.06428571428575
20.9,27.8,16,62,0,6.3,3,5.4,223.20833333333334
21,28.5,15,58,0,6.8,3,5.4,200.64583333333337
21.2,28,16.9,66,0,5.5,2.2,3.5,285.22499999999997
20.7,28.3,17.2,61,0,6.3,2.2,3.5,334.3411764705882
20.7,27.2,15.5,61,0,6.3,3.3,5.4,276.90833333333336
20.4,28.2,15.8,64,0,6.3,2.8,7.6,108.0
21.7,27.6,15.3,64,0,6.3,3.5,5.4,107.625
21.7,28.9,18.5,68,0,6.3,5.2,11.1,125.89166666666667
22.6,30.3,16.7,52,0,6.3,3.1,5.4,181.01250000000005
21.9,29.2,18.3,75,-,4,3.7,7.6,152.55416666666667
22.1,26,19.7,79,0.25,6.3,3.5,5.4,152.32083333333335
23.9,31.7,18.2,54,0,6.9,2.8,7.6,319.7375
23.1,32,16,46,0,6.9,3.3,3.5,332.7083333333333
23.5,31.5,16.4,40,0,7.7,3.1,3.5,279.59999999999997
22.7,31.7,16.7,50,0,6.9,3.1,5.4,179.11666666666667
23.9,30.9,16.1,36,0,6.9,3.1,5.4,54.791666666666664
23.8,32.2,16.6,37,0,6.3,3,7.6,93.375
23.4,32,15.8,35,0,6.9,3.1,5.4,103.0
22.1,29.6,15.8,54,0,6.9,4.3,5.4,132.20833333333334
22.6,28.8,17.4,61,0,6.3,3.5,5.4,127.70833333333333
23.1,29,17.3,45,0,6.9,3.9,5.4,145.77777777777777
23.7,31.2,16.8,42,0,6.9,1.5,5.4,90.33333333333333
24.6,31.8,17.7,38,0,6.3,1.9,3.5,135.83333333333334
25.9,33.4,19.3,41,0,6.3,2.4,5.4,122.5
26.7,35.5,19,31,0,5.5,1.9,3.5,69.66666666666667
25.8,34.9,20,41,0,6.9,3.3,5.4,79.83333333333333
24.3,33.3,19.1,36,0,6.9,4.3,9.4,83.61111111111111
24.2,32.5,16.9,29,0,6.9,3.3,7.6,36.357142857142854
24.4,32,15.7,33,0,6.9,3.9,5.4,2.5555555555555554
25.8,32,18.2,43,0,6.9,3,5.4,2.0952380952380953
26.2,33.1,21.5,60,-,6.9,3,5.4,105.83333333333333
25.6,33.8,21.1,62,36.83,6.9,0.4,3.5,117.58333333333333
26.7,32.5,21.2,54,0,6.9,2.8,5.4,122.70833333333333
26.6,34.3,22.2,57,-,6.9,3.3,3.5,111.95833333333333
25.2,34,22,67,2.54,6.9,3.1,5.4,59.208333333333336
25.3,30.4,20.8,57,0,6.9,3.9,7.6,80.56521739130434
28,35,22.4,45,0,6.9,3.1,5.4,98.70833333333333
28,36,23.2,48,0,6.9,3,5.4,123.70833333333333
27.4,34.8,22.4,49,0,6.9,2.4,3.5,64.79166666666667
28.1,35.6,20.6,25,0,6.9,1.9,3.5,52.333333333333336
28.6,37.2,21.6,28,0,6.9,2.8,5.4,52.041666666666664
28.3,36.1,21.2,28,0,6.9,2.4,5.4,128.33333333333334
29.2,35.4,22.1,30,0,6.9,2.8,5.4,0.0
28.6,35.8,22.5,34,0,6.9,2.8,5.4,46.416666666666664
28.9,36.3,21.9,40,0,6.9,3.1,3.5,33.09090909090909
29.4,35.6,23.5,39,0,6.9,3.9,5.4,36.42857142857143
28.6,35.5,22.5,49,0.51,6.9,3,5.4,81.83333333333333
30.1,36,24.5,39,0,6.9,3.5,5.4,105.33333333333333
29.4,36.5,24.4,43,0,8.5,3.5,3.5,117.75
29.3,37,24,31,0,6.9,1.9,3.5,84.5
28.8,36.5,23.2,36,0,6.9,4.1,7.6,46.916666666666664
29,35.6,22.6,38,0,6.9,3.9,5.4,104.625
28.9,35.6,23.5,53,0,6.9,4.1,5.4,110.875
26.6,35.7,23,65,0,6.9,4.3,7.6,147.28571428571428
26.9,35.2,21.7,60,1.02,6.3,4.4,5.4,0.0
27.5,37,22.6,53,-,6.9,4.8,7.6,120.875
28.7,37,22.5,47,1.02,6.9,1.3,3.5,127.86666666666666
29.1,35.6,24,48,0,6.9,3,5.4,0.0
26.8,35.6,20.5,48,0,6.9,3.9,9.4,94.75
27.6,35.1,22.3,49,0,6.9,3.3,7.6,142.5
28.2,34.2,23.3,51,0,6.9,2.8,3.5,133.375
27.3,36.6,21,55,-,6.3,3.1,7.6,147.83333333333334
26.9,37,20.8,59,0,6.9,2.8,3.5,158.29166666666666
26,33.2,22.5,67,-,6.9,3.1,7.6,149.58333333333334
28.1,33,23.7,60,0,6.9,2,5.4,101.5
27.1,33.8,22.5,63,0,6.9,5,7.6,106.5
27.1,35,21.8,58,2.54,6.3,6.9,18.3,128.125
26.2,35.5,19.4,67,20.07,6.9,4.3,7.6,101.95833333333333
26.8,33.7,20.2,61,0,6.9,4.8,9.4,98.41666666666667
26.1,35.1,19.9,70,40.89,6.9,4.6,7.6,94.375
27.6,34,21.9,67,0,8.5,4.3,7.6,107.625
26.2,33.3,21,75,0,6.9,6.1,9.4,110.41666666666667
23.1,33.1,20,84,83.31,6.3,5,7.6,95.83333333333333
24.9,31.2,20.8,74,0.51,6.9,6.3,9.4,72.25
26.1,31.5,20.8,69,0,6.9,4.4,5.4,38.666666666666664
26.4,32.1,21.8,70,0,6.9,6.3,9.4,45.375
25.7,32.4,22,70,0,6.9,6.3,7.6,65.16666666666667
23.9,31.2,22,71,-,6.9,7.4,9.4,66.08333333333333
25,29.6,21.5,67,0,6.9,7.4,9.4,77.66666666666667
23.4,29.6,21.1,77,0,6.9,8.1,14.8,70.25
24.2,27.5,20.7,78,1.02,6.9,7.2,9.4,56.291666666666664
25.8,29.7,22,66,1.02,6.9,7.4,11.1,77.0
25.1,31.2,21.5,67,0,6.9,7,9.4,32.958333333333336
23.4,29,20,76,3.56,6.9,5.2,9.4,80.625
24.2,28,21,83,0,6.9,5.7,7.6,90.70833333333333
24.6,29,20.8,75,0.25,6.9,7.8,9.4,97.29166666666667
23.8,29.4,20.6,77,-,6.9,8.9,14.8,50.708333333333336
24.2,29,20.4,71,0,7.4,11.9,18.3,40.375
23.6,29.5,20.4,73,361.19,7.4,10.9,14.8,49.416666666666664
24.6,29,19.3,69,-,6.9,8,11.1,64.56521739130434
25.2,29.7,20.5,66,0,6.9,7.2,11.1,0.0
23.8,29.9,20.9,76,-,6.9,7.6,14.8,54.76923076923077
23.2,29.3,20.5,79,6.1,6.9,3.9,5.4,51.26086956521739
23.2,27.4,20.4,78,2.54,6.9,4.4,7.6,43.666666666666664
24.4,28.2,20.2,68,0,6.9,5,9.4,29.833333333333332
22.9,28.5,20,75,1.52,7.4,7.6,51.9,35.208333333333336
22.9,27,20,73,0,6.9,9.4,14.8,37.625
22.2,27.2,20.2,80,-,6.9,11.1,14.8,41.458333333333336
22.2,26.6,20.6,87,-,6.9,10.2,14.8,38.583333333333336
23.5,26.7,20.6,66,9.4,6.9,9.1,11.1,36.0
23.8,28.7,19.7,74,0.76,6.9,8.1,11.1,70.58333333333333
25.2,30.3,20.5,65,-,6.9,7.2,9.4,33.166666666666664
25.4,30.5,20.5,64,0,6.9,9.1,14.8,38.25
24.4,30.2,20.5,71,-,6.9,8.3,14.8,26.583333333333332
24.9,30.7,22,75,1.27,5.8,3,7.6,15.416666666666666
25.2,30.5,21.4,67,8.38,6.9,4.8,11.1,41.375
25,31.5,21.6,69,1.78,6.9,5.7,9.4,25.541666666666668
24.3,31.2,20.3,72,0,6.9,8.9,14.8,28.375
25.7,30.2,21.2,65,0,6.3,7.2,11.1,50.333333333333336
25.8,31.2,22,66,-,6.9,5,14.8,35.375
23.8,31.3,21.5,79,1.02,6.9,5.6,11.1,31.916666666666668
23.3,27.6,21.2,75,0,6.3,2.8,5.4,35.291666666666664
24.8,27.6,21.6,67,0,6.9,1.9,5.4,26.833333333333332
22.3,28.3,19.2,84,128.78,6.9,2.2,7.6,21.125
22.6,28.9,20.3,84,5.33,6.3,6.7,14.8,35.708333333333336
22.3,28.6,20.3,86,13.21,6.9,8.1,11.1,43.583333333333336
23.6,27,20.3,78,3.3,6.9,7,9.4,46.041666666666664
22.8,26.8,20.5,86,31.75,4.8,6.3,9.4,82.875
23.8,28,20.8,77,0,6.9,9.1,11.1,64.91666666666667
22.3,28.5,21,89,0.25,4.8,7.6,14.8,30.666666666666668
24.9,29,20.5,73,-,6.4,4.8,9.4,34.416666666666664
23.7,30.6,19.8,84,71.88,6.3,4.1,7.6,33.166666666666664
22.6,27.8,20.8,92,33.02,4.8,1.9,5.4,30.625
23.2,27.3,19.9,87,21.84,5.5,3.7,7.6,30.333333333333332
24.1,28.5,21.3,83,6.6,6.3,1.9,3.5,0.0
23.9,30,20.5,82,1.27,6.3,2,11.1,0.0
23.6,28.2,20,82,68.33,6.8,2,5.4,0.0
25.3,31,22.2,72,0,6.9,4.6,7.6,92.25
24.8,30.6,21,75,-,6.9,5.9,11.1,83.45833333333333
23.7,31.1,21,78,2.29,6.9,6.3,7.6,71.66666666666667
23.1,27.2,20.4,75,0,6.3,11.7,14.8,69.70833333333333
23.2,27.7,19.4,68,0,6.9,10.9,18.3,62.375
22.8,28.5,19.3,80,0,6.3,10,14.8,24.875
22.8,29,19.4,81,54.36,6.3,3.3,5.4,43.958333333333336
23.8,27.2,20.6,78,9.14,6.9,3.9,9.4,41.5
21.9,28.1,20,91,55.88,5.5,4.1,7.6,38.791666666666664
23.1,27.4,20.7,85,0.51,6.3,4.3,7.6,31.652173913043477
23.3,28.4,19.4,82,45.97,6.3,3.1,5.4,26.666666666666668
24.9,28,20.6,74,0,6.9,4.3,7.6,29.0
23.7,29,21.2,84,14.48,5.5,1.1,5.4,61.708333333333336
24.6,28.8,21.3,80,48.01,6.9,3,7.6,63.17391304347826
24.8,29,21.5,80,2.03,6.6,3.1,37,41.583333333333336
22.9,27.5,20.5,87,68.07,5.3,2.4,5.4,80.04166666666667
22.1,27.6,19.8,93,34.04,3.7,1.9,9.4,82.83333333333333
22.3,25.6,19.6,85,40.39,5.3,6.5,7.6,95.25
23.7,29,20.1,67,0,6,1.3,3.5,126.16666666666667
24.4,29.8,20.4,67,0,6.3,3.1,7.6,136.70833333333334
24.8,30.6,20.4,66,0,6.3,3.1,7.6,160.66666666666666
25.2,31.3,20.8,64,0,6.3,2.4,5.4,245.66666666666666
23.7,29.6,21,68,0,7.7,2.4,5.4,261.6666666666667
23.9,28.8,20.2,68,0,6.9,2,5.4,272.4166666666667
22.2,26.7,19.4,71,0,6.9,5.6,7.6,149.625
21.7,25,19.9,78,0,6.9,5,7.6,99.70833333333333
22.9,26.6,18.8,66,0.25,6.9,3.7,7.6,217.375
23.2,27.8,19.3,66,0,6.9,3.1,7.6,337.5
21.5,25.6,19.2,87,1.52,6.9,3,5.4,321.5416666666667
22,26,18.3,80,13.46,6.9,2.2,7.6,278.0
22.5,27.2,18.6,64,0,6.3,3.9,5.4,192.33333333333334
23.6,28.2,19.3,65,0,6.3,4.1,7.6,224.16666666666666
23.5,29.1,19.4,74,0,6.9,0.9,5.4,214.63636363636363
24.4,28.7,21,74,0,6.3,2,7.6,221.54166666666666
24.1,30,20.5,71,0,6.3,2.8,5.4,166.70833333333334
24.2,29,20.7,70,0,6.3,3.5,5.4,130.70833333333334
23.8,29.6,20.2,70,0,6.3,3.9,5.4,194.70833333333334
22.7,30,18.6,65,0,5.8,5,7.6,134.45833333333334
22.2,28,17.4,76,0,6,4.1,5.4,110.0
22.4,26.8,19.2,78,0,6,5,11.1,160.0
19.8,24.7,19,95,10.67,4,7,9.4,118.91666666666667
19.8,21.6,18.2,88,8.89,4.8,7,9.4,176.375
20.8,23.6,18.3,82,0,6.9,4.6,9.4,185.95833333333334
22.8,29.2,18.5,63,0,6.3,3.1,7.6,239.125
22.6,29.7,15.9,47,0,6.3,0.7,5.4,365.2916666666667
22.6,30.8,16.8,55,0,6.8,0,-,312.2083333333333
22.7,28.1,19.6,72,0,4.2,1.1,5.4,121.33333333333333
22.6,28.5,18.4,63,0,6,4.6,9.4,202.875
22.2,29.3,17.1,66,0,6,5.7,7.6,260.1666666666667
21,26,15.3,63,0,6.3,6.7,9.4,277.7083333333333
22.1,28,17.2,58,0,6.3,3.1,5.4,284.1666666666667
22,28.8,16,56,0,6.3,4.3,7.6,288.4166666666667
20.4,28.5,16.6,72,0,6,0.9,3.5,166.91666666666666
21.6,28,16.2,57,0,6.3,4.8,7.6,169.0
20.6,29.2,15.5,57,0,5.8,4.6,5.4,186.04166666666666
-,-,-,-,-,-,-,-,108.08333333333333
22.2,28.4,16.6,53,0,7.7,0.9,5.4,255.875
22.1,28.9,17.8,58,0,5.1,1.1,-,226.52173913043478
22.2,29,18.4,62,0,6,3.9,5.4,239.1304347826087
20.4,27.2,15.2,52,0,6.3,4.1,7.6,298.4583333333333
20.1,27.2,14.8,50,0,6.9,6.5,7.6,264.9166666666667
21.2,26.6,15.5,59,0,6.3,6.7,9.4,422.0869565217391
23.4,30.6,17.6,48,0,6.3,4.1,5.4,323.14285714285717
23.3,31,16.3,42,0,5.8,2.8,11.1,263.6
22.4,30.7,16.3,49,0,6.3,3.3,7.6,376.9166666666667
20.7,28.7,14.3,48,0,6.9,7.2,9.4,0.0
20.4,28,14.2,45,0,6.3,4.6,7.6,0.0
20.9,28.5,14.3,46,0,6.3,4.1,7.6,97.71428571428571
22.7,29.1,17.1,48,0,6.3,2,5.4,202.91666666666666
21.9,29.8,16.2,44,0,6.3,2.6,7.6,205.125
21.3,29,16,53,0,6.9,4.4,11.1,214.125
21.4,29.2,15,42,0,6.9,5.2,9.4,315.7916666666667
21.9,29.6,13.2,26,0,6.9,3.1,7.6,322.25
22.6,30.4,15.9,30,0,8.5,5.4,9.4,246.04166666666666
21.7,30.1,15.8,32,0,6.9,6.3,11.1,209.65217391304347
23.3,32.3,20.2,67,0.51,6.3,3,5.4,103.82608695652173
23.3,30,19.2,54,0,6.9,2.4,5.4,143.91666666666666
24.4,30.2,19.7,61,0,6.9,1.5,5.4,104.6086956521739
23.5,30.2,18.5,49,0,6.3,5,11.1,165.0
23.3,29.9,17.9,58,0,6.9,5.6,7.6,116.45833333333333
23.4,30.7,17.4,60,0,6.3,5.7,7.6,143.0
24.3,32.1,16.8,34,0,6.3,5,9.4,231.125
22.8,32.2,17.4,39,0,6.9,7.4,18.3,276.2105263157895
24.2,31.5,17.5,31,0,6.9,5.4,11.1,211.0
24.7,31.2,17.3,34,0,7.4,6.9,11.1,139.22222222222223
25,32,17.8,34,0,6.9,3.9,5.4,204.54545454545453
25.2,32.7,18.2,28,0,6.9,5.9,11.1,130.16666666666666
25.2,33.2,18.2,26,0,6.9,5.2,7.6,123.125
25.5,32.5,18.3,25,0,6.9,4.8,7.6,120.91666666666667
25.7,33.2,17.5,21,0,6.9,2.4,5.4,153.625
25.5,34.6,16.5,29,0,7.7,7,11.1,130.33333333333334
25.4,33.5,18.5,25,0,6.9,5.7,9.4,110.70833333333333
26.2,33.3,17.8,27,0,6.9,5.9,7.6,138.5
25.8,32.5,20.1,57,0,6.9,4.1,7.6,75.75
26.5,31.6,22.4,50,0,6.9,4.8,11.1,146.54166666666666
25.8,32.1,21.6,60,0,6.9,4.6,11.1,174.9375
25.6,31,19.6,39,0,7.4,2.8,48.2,80.04166666666667
26.7,33.8,19.5,37,0,6.9,2.4,5.4,100.04166666666667
27.4,33.7,21.4,44,0,6.9,2.2,3.5,109.45833333333333
27.3,33.4,21.7,43,0,7.7,3.9,7.6,110.16666666666667
27.1,34.1,20.8,34,0,6.9,3.3,7.6,108.20833333333333
27.4,34.4,21.5,42,0,6.9,3.3,5.4,103.83333333333333
25.9,34.8,21.1,60,3.3,6.3,4.1,9.4,74.29166666666667
27.6,33.2,21.2,54,0,6.9,2,7.6,101.79166666666667
24.7,33.5,20.6,72,0,6.9,2.2,5.4,106.16666666666667
26.1,33.1,19.8,55,13.72,7.4,0.7,3.5,89.875
26.7,33.5,21.6,51,0,8.5,3.1,5.4,48.208333333333336
26.4,32.6,21,47,0,6.9,5,7.6,47.041666666666664
26.2,32.7,21,49,0,6.9,5.2,7.6,67.79166666666667
27.6,33.5,21.7,51,0,6.9,5.9,11.1,56.666666666666664
28.3,34,23.1,50,0,6.9,5.2,7.6,79.0
28.2,34.6,23.9,52,0,7.7,3.9,7.6,123.58333333333333
27.9,34.8,23.9,63,1.02,6.9,2,7.6,80.29166666666667
25.5,34,22.8,63,17.02,6.9,1.1,5.4,137.875
28.2,34.8,22.2,51,0,7.4,1.1,3.5,87.875
26.6,34,22.2,63,3.81,6.9,3.1,7.6,121.20833333333333
27.2,34.4,22.8,62,0.51,6.9,4.1,5.4,97.04166666666667
28.3,34.7,22,51,0.51,9.2,2.8,9.4,96.08695652173913
26.9,35.2,21.4,64,5.59,6.3,5,11.1,130.625
26.5,33,23.3,73,0,7.7,4.8,9.4,90.5
25.9,34,20,72,0.76,6.9,3,9.4,55.416666666666664
27.8,33.5,23.4,57,0,6.9,3.9,7.6,108.33333333333333
25.9,33.5,22.8,70,0,6.9,3.7,9.4,198.875
27.2,32.8,21.8,59,0,6.9,4.1,9.4,120.70833333333333
24.9,32,21.5,74,0,7.4,1.1,37,60.541666666666664
23.8,32,21,78,17.78,6.9,1.9,5.4,79.0
24.8,31.4,20.6,63,16.51,6.3,0.9,3.5,133.70833333333334
25.9,31.2,21.4,66,-,6.9,6.1,11.1,53.25
25.2,32.4,20.5,65,8.64,6.9,2.6,9.4,65.16666666666667
24.1,32.4,21.5,77,0,6.3,3.1,11.1,83.58333333333333
23.5,32,21.4,89,33.02,6.3,4.1,7.6,40.666666666666664
25,29.8,21.1,78,3.05,5.5,2.4,5.4,48.125
26,30.8,22.2,71,0,6.9,2.2,5.4,103.16666666666667
25.6,29.7,20.9,77,10.41,7.7,6.7,9.4,143.375
24.4,30.3,21.8,83,0,6.6,3.5,5.4,44.791666666666664
23.8,31,20.9,81,1.52,5.5,3.9,7.6,75.08695652173913
23.7,29.8,20.8,83,1.78,6.9,6.5,7.6,60.0
23.9,30.1,21.7,79,0,6.9,12,14.8,101.0
23.3,29,21.2,83,0,6.3,11.9,16.5,76.20833333333333
22,25.8,20.7,86,3.81,6.6,12.8,14.8,88.0
24.1,28.3,20.8,77,4.06,6.3,11.3,14.8,48.833333333333336
23.2,27.9,21,84,4.06,6.3,7.8,11.1,85.94444444444444
23.8,29.6,20.5,77,16,6.9,6.5,9.4,113.70588235294117
23.8,28.9,20.1,74,0,6.9,12.8,14.8,74.76190476190476
23.4,29.1,20.7,78,0,6.9,12.6,14.8,62.476190476190474
23.5,28,20.9,79,0,6.9,9.1,11.1,78.54166666666667
23.5,27.8,20.1,77,0,6.9,8.3,11.1,49.125
23.1,28.1,20.2,75,0,6.9,11.9,16.5,83.21052631578948
21.9,28,20.1,86,5.08,6.9,10,14.8,79.0
24.2,29.5,20.6,75,0,6.9,9.4,14.8,233.26315789473685
24.8,29.4,20.9,68,-,6.9,10.9,14.8,143.1578947368421
24.4,30.2,20.7,68,0.51,6.9,8.1,11.1,233.93333333333334
22.9,26.3,20.5,82,0,6.9,11.3,16.5,117.17391304347827
22.4,26.4,20.3,86,0,8,6.7,9.4,66.13636363636364
22.8,26.4,20.7,85,1.02,6.9,8.7,14.8,71.0
22.2,27.4,20.5,86,0,7.7,10.9,14.8,283.2307692307692
22.4,26.5,20.3,86,4.57,6.9,8.5,11.1,269.9166666666667
23.6,27.2,20.4,74,1.78,6.9,10,13,162.25
23,28.6,21,79,0,6.9,14.8,25.9,104.5
23,27,20.4,77,0,6.9,14.6,22.2,226.41176470588235
22.7,26.9,20.3,83,0,8.5,14.8,18.3,159.0
23.3,28.2,20.2,82,1.02,6.9,9.1,14.8,31.458333333333332
23.7,28.8,20.6,79,0,6.9,8.9,11.1,47.375
23.3,27.3,20.5,76,0,6.9,10.9,16.5,38.166666666666664
23.1,28.3,20.3,81,4.83,6.9,10,22.2,35.958333333333336
21.9,27.2,19.4,85,5.33,5.5,8.7,18.3,27.363636363636363
23.6,28,18.7,77,14.99,6.9,9.6,22.2,45.833333333333336
23.3,28.6,20.8,76,0,6.9,8.5,16.5,33.708333333333336
21.9,27.7,19.7,84,11.43,7.4,11.1,14.8,26.416666666666668
22,25.4,20,88,3.56,5.5,8.3,13,30.666666666666668
23.4,27.6,20.2,76,8.89,6.3,9.8,18.3,29.958333333333332
21.7,24.6,19.4,85,3.3,7.4,10.2,18.3,23.875
21.9,25,19.6,88,1.02,5.5,10,22.2,22.333333333333332
22.2,25.7,20.1,87,6.35,5.5,7.6,11.1,25.083333333333332
23.3,27.4,20.7,77,0,6.3,13.1,18.3,66.79166666666667
22.8,27.3,20.2,78,0,6.9,11.7,18.3,64.875
23.3,27.4,19.7,72,0,6.9,10.6,18.3,47.583333333333336
23.7,27.8,19.8,75,41.66,6.9,8.3,11.1,42.31578947368421
22.4,28.5,20,83,0,6.3,6.3,14.8,43.041666666666664
21.9,28.3,19.5,86,8.38,6.3,6.7,11.1,38.416666666666664
23.3,28.8,20.3,78,19.81,7.4,6.9,11.1,49.291666666666664
23.7,28.3,20,73,0,6.9,6.5,11.1,19.541666666666668
23.8,28.2,20.3,71,0.25,6.6,7.8,9.4,22.833333333333332
24.7,29.3,19.7,61,0,6.9,6.5,9.4,25.347826086956523
24.4,29.2,20.3,63,0,6.9,8.7,14.8,74.66666666666667
24.3,29.1,20.1,66,0,6.9,7.8,14.8,41.875
25.7,30,20.5,59,0,6.9,5.4,9.4,50.583333333333336
25,31.6,22.3,72,0.25,6.9,1.9,3.5,58.125
24.8,30.3,20.4,69,33.02,6.3,1.5,5.4,57.291666666666664
23.9,31.7,20.1,77,16,6.6,2,5.4,38.25
-,-,-,-,-,-,-,-,50.333333333333336
22.7,29.1,19.5,81,13.97,6.3,5,9.4,56.916666666666664
23.5,28.4,20,71,0,6.3,5.7,9.4,54.625
23.9,28.2,18.4,64,0,6.9,4.8,7.6,42.875
-,-,-,-,-,-,-,-,44.21739130434783
23.7,30.3,19.9,79,32.26,5.5,0.4,3.5,43.333333333333336
25.1,29.2,21.3,72,1.27,6.9,3.5,5.4,41.875
25.3,29.9,21.4,69,4.32,6.9,3.7,7.6,44.416666666666664
25.5,30.9,21.6,73,0.25,6.9,5.2,7.6,62.9375
24.9,30.3,21.3,71,0,6.9,4.6,5.4,0.0
24.1,30.4,21.6,75,0.25,6.9,5,7.6,0.0
24.2,28.2,20.2,70,7.87,6.9,3.3,5.4,91.5
24.1,29.5,20.8,72,0,6.3,3.1,3.5,70.70833333333333
24.3,29.5,20.6,65,4.32,6.3,1.5,5.4,51.791666666666664
25,31.5,20.4,67,0,6.3,2.4,5.4,0.0
24,30.3,21,75,1.02,6.9,3.1,3.5,21.384615384615383
23.4,29.8,20.1,82,3.81,6.9,0.4,3.5,13.0
24.4,28.7,20.2,71,1.02,7.4,3.1,3.5,156.25
23.8,29.3,19.7,58,0,6.9,3.1,3.5,178.28571428571428
23.7,29,19.7,60,0,6.3,5,7.6,158.3913043478261
23.9,30.2,18.2,58,0,5.5,5,9.4,252.625
23.8,29.3,18.7,58,0,6.6,4.6,7.6,119.41666666666667
23.4,29.5,18.2,51,0,6.9,3.7,7.6,126.0
24.8,30.1,19.7,64,0,6.3,4.6,11.1,232.33333333333334
24.3,30.4,20,65,0,6.3,3.9,5.4,215.54166666666666
22.9,30.3,19.8,78,0,6.6,5.2,5.4,239.41666666666666
22.8,27.7,20.4,81,0.51,5.5,8.1,14.8,196.54166666666666
23.3,30,18,48,0,6.9,3.9,7.6,232.54166666666666
22.2,29.6,16,60,0,6.9,3,5.4,185.5
23.4,29.2,17.5,58,0,6.3,5,7.6,282.1666666666667
22.4,30,16.2,44,0,6.9,1.3,3.5,268.8695652173913
23,30.5,14.8,44,0,6.9,0.9,3.5,166.875
23.3,31,16.5,68,0,6.9,5.4,7.6,135.16666666666666
-,-,-,-,-,-,-,-,175.04166666666666
-,-,-,-,-,-,-,-,189.66666666666666
-,-,-,-,-,-,-,-,220.65217391304347
-,-,-,-,-,-,-,-,215.5
-,-,-,-,-,-,-,-,223.375
-,-,-,-,-,-,-,-,195.69565217391303
22.6,27.6,19.2,70,0,4.8,3.1,5.4,135.58333333333334
22.2,28.8,18,66,0,5.6,3.3,5.4,152.04166666666666
20.8,29,16.3,64,0,5,5,9.4,212.125
21.8,29.5,18,62,0,6.3,4.3,9.4,70.0625
21.8,28.3,15.6,56,0,6.9,4.6,7.6,91.75
21.7,28.8,18.2,67,0,6.9,3.3,7.6,104.26086956521739
22.3,29.3,18.3,70,0,6.8,3.1,5.4,119.70833333333333
22.5,28.2,17.7,72,0,6.8,4.8,7.6,110.875
23.1,29.4,17.6,62,0,5.8,5.2,11.1,200.33333333333334
22.3,29.9,18.7,70,0,6,3,9.4,203.58333333333334
22.8,28.9,17.7,59,0,5.3,3.1,5.4,60.2
21.8,28.9,17.7,59,0,6.3,7,9.4,97.85714285714286
21.6,28.5,16,67,0,6.3,3.1,11.1,349.2916666666667
22.2,27.7,17.7,63,0,6.9,2.8,7.6,188.04166666666666
22.7,28.4,18.1,65,0,6.3,3.9,5.4,310.25
23.4,29.1,18.4,62,0,6,5.7,9.4,258.1578947368421
23.8,30.2,17.7,56,0,5.5,6.1,9.4,223.25
24,31.4,19,63,0,6.3,5.4,7.6,248.95833333333334
20.9,25.8,16.6,51,0,6.6,3.9,11.1,0.0
20.3,27.6,14,42,0,7.1,4.4,9.4,276.4
19.9,28.1,12.4,45,0,6.9,4.8,7.6,146.79166666666666
20.2,27.6,13.1,41,0,6.8,4.8,7.6,113.875
20.8,28.6,14.7,55,0,6,4.3,5.4,227.0
21.3,29.3,15.2,44,0,6.3,4.6,7.6,231.25
21.3,29.6,13.2,40,0,6.3,3.5,3.5,272.125
21.5,28.8,14.3,47,0,6,3.9,7.6,228.79166666666666
20.7,30.3,14.5,53,0,6,3.9,5.4,200.875
21.2,29.3,12.3,34,0,6.9,4.8,9.4,214.04166666666666
21.8,29,14.3,39,0,6.3,3.9,5.4,217.25
21.3,30.3,13.7,39,0,6.3,5.2,11.1,212.45833333333334
21.3,28.6,14.8,44,0,6.9,4.1,5.4,202.66666666666666
23.3,30.2,17.2,54,0,6.3,4.6,9.4,138.79166666666666
23.3,30,18.8,63,0,6,4.6,9.4,153.08333333333334
23.2,30.2,19,65,0,5.5,1.5,5.4,159.70833333333334
21.7,29.4,16.4,54,0,6.3,5.9,9.4,151.875
21.4,28.2,15.7,55,0,6.3,4.8,7.6,224.79166666666666
22.4,27.8,16.3,57,0,6.3,5.2,7.6,185.34782608695653
22.9,29.6,16.6,59,0,6.9,4.8,9.4,149.625
24.4,31.1,18.3,55,0,6.9,3.3,5.4,161.16666666666666
26.4,31.8,20.4,51,0,6.3,3,5.4,136.75
23.7,32.6,20.2,73,57.91,6.3,3,9.4,76.375
23.1,29,17.3,52,0,6.8,4.3,5.4,120.20833333333333
24.6,30.4,17.2,51,0,7.7,5.7,11.1,137.125
25.2,31.6,19,56,0,6.3,4.8,7.6,197.08333333333334
26.8,34,22,56,0,6.3,4.8,7.6,166.375
25.4,32.8,20.5,53,0,6.9,5.7,7.6,126.58333333333333
25.1,32.1,18.2,42,0,6.3,7.2,11.1,94.91666666666667
26.6,34.6,17.2,25,0,6.3,5.4,11.1,133.95833333333334
26.2,35.5,20.8,46,0,5.5,4.6,7.6,69.25
26.3,34.5,21.3,51,0,6.9,5,9.4,82.73913043478261
26.3,33.8,21.3,57,0,5.3,5.4,11.1,94.875
25.9,33.5,21.7,60,0,6.9,5.9,11.1,32.666666666666664
26.1,32.1,20.5,57,0,6.3,3.9,11.1,61.125
28.4,36.4,20.1,25,0,6.9,3.3,5.4,49.583333333333336
28.3,37,21.8,33,0,6.9,3,5.4,34.916666666666664
27.4,35.9,22.5,53,0,6.9,4.1,5.4,47.5
26.6,34,19.7,32,0,6.6,4.4,9.4,128.83333333333334
27.2,33.8,19.7,29,0,6.9,4.6,7.6,56.333333333333336
27.3,34.3,20.2,27,0,6.9,6.1,11.1,20.291666666666668
27.7,34.2,21.2,45,0,6.9,4.6,11.1,59.166666666666664
27.7,35,23,46,0,6.9,4.1,5.4,83.83333333333333
27.9,34.3,22.7,40,0,6.9,3.3,7.6,89.375
28.4,35.5,22.8,41,0,6.9,2.4,5.4,101.375
28.3,35.4,21.5,33,0,6.9,5,11.1,109.75
27.9,35,22.6,32,0,7.7,4.1,5.4,42.916666666666664
28.7,35.3,22.7,44,0,6.9,2.8,5.4,47.25
28.7,35.6,22.9,38,0,6.9,3.5,5.4,81.20833333333333
28.3,36,23.6,49,0,6.9,3,5.4,52.291666666666664
29,35,22.6,43,0,6.6,2.6,3.5,28.458333333333332
29.5,35.4,24,37,0,6.9,1.9,5.4,49.5
28.4,36.4,24,50,2.03,6.9,2,3.5,75.16666666666667
28.2,35.6,22.8,52,0,6.9,2,5.4,53.125
29.4,36.6,24.6,37,0,6.9,2.8,5.4,54.708333333333336
29.5,36,24.2,34,0,6.9,4.4,11.1,52.625
29.1,36.2,24,36,0,6.9,3,3.5,51.375
27.6,35.6,21.4,58,0,6.9,2.8,5.4,94.33333333333333
26.8,33.2,22.4,62,0.25,6.3,3.1,7.6,92.91666666666667
27.4,34.2,21.6,55,0,6.3,3.1,7.6,80.20833333333333
28.8,34.8,22.8,39,0,6.9,2.4,5.4,71.66666666666667
29.6,35.6,23.5,47,0,6.9,3.1,7.6,31.833333333333332
30.4,36.6,24.4,42,0,6.9,0.4,3.5,47.666666666666664
26.3,30,21.6,65,0,6.6,5,7.6,48.125
27,31.6,22,54,0,7.7,4.1,11.1,56.25
27.1,33.4,21.4,56,0,6.9,5.4,9.4,103.41666666666667
25.5,36.2,20.8,71,0,6.9,5.9,9.4,76.875
26.7,33.6,20.6,64,14.99,7.7,5.9,7.6,86.375
27.9,32.6,22,55,0,7.4,4.3,66.5,77.70833333333333
26.7,35,21.7,64,0,6.9,3,11.1,48.5
27.9,35,21.8,58,0,6.9,5.2,7.6,55.083333333333336
25.6,34.8,22.2,73,7.11,6.3,3.7,7.6,67.45833333333333
-,-,-,-,-,-,-,-,75.04166666666667
-,-,-,-,-,-,-,-,63.958333333333336
-,-,-,-,-,-,-,-,48.875
-,-,-,-,-,-,-,-,34.84615384615385
26.4,34.6,22.6,73,3.05,6.3,1.9,5.4,45.0
26.1,34,22.4,72,1.02,5.8,3.9,7.6,69.42857142857143
24.8,33.5,21,74,-,6.9,3.1,5.4,77.375
27.9,33.6,23,55,0.25,6.9,3,11.1,72.1
27.8,34,23,65,0,6.9,3.5,5.4,81.5
26.5,33.3,22,68,2.03,6.3,4.4,7.6,66.3913043478261
27.5,33.2,21,67,0,6.9,3.5,5.4,25.458333333333332
26.2,33.2,22.6,75,7.62,6.3,6.5,7.6,20.75
25.5,32.1,21.2,73,0,6.9,2.4,5.4,40.5
25.4,32,20.6,73,20.07,7.7,3.3,5.4,64.83333333333333
26.3,31.5,22.5,74,0,6.9,4.3,7.6,63.0
26.7,32.2,22.3,70,0,6.9,4.8,7.6,73.83333333333333
24.8,29.4,22,76,0,6.9,11.9,18.3,31.875
25.3,30.6,22,73,0.51,6.9,8.5,14.8,54.958333333333336
26.5,31,21.2,66,0,6.9,10,14.8,77.75
26.6,31.2,21.5,62,0,6.9,8.7,14.8,75.33333333333333
25.7,32.3,22.2,65,1.27,6.9,10.6,14.8,32.583333333333336
24.6,30.6,20.7,71,0,6.3,8.5,14.8,28.375
25,29.7,21.4,73,0,6.9,6.3,11.1,28.541666666666668
24.6,29.8,21.6,71,0,7.7,4.6,7.6,51.041666666666664
24.9,30,21.6,68,5.08,6.9,8.3,14.8,40.0
25.6,29.8,21,61,0,6.9,9.1,18.3,37.583333333333336
25.5,30.5,21.5,64,0,6.9,9.8,16.5,37.625
25.4,30.8,21.4,64,0,6.9,10.2,18.3,34.375
24.5,28.6,20.7,67,0,6.9,12,20.6,42.291666666666664
24.4,29.2,20.6,67,0,6.9,9.4,14.8,45.666666666666664
23.8,29.5,20,74,0,6.9,10.7,14.8,40.625
25.2,31.2,21,70,0,6.9,5,7.6,26.875
24.7,30,21.3,69,1.02,6.9,8.1,11.1,30.708333333333332
24.2,30.8,21.4,78,0.25,6.6,5.6,7.6,30.625
23.6,28.4,21.6,78,1.02,6.3,5.4,9.4,43.041666666666664
23.4,28.4,20.6,78,1.27,6.9,11.1,18.3,27.41176470588235
23,27.7,20.6,83,0,6.3,9.8,18.3,25.25
23.8,29.5,21.3,80,1.02,6.9,6.9,14.8,0.0
22.6,28.5,20.6,78,11.18,6.3,8.3,11.1,0.0
24.1,27.8,20.4,72,0,6.9,9.4,14.8,7.25
24.2,29.4,19.8,69,0,6.9,7.4,14.8,16.043478260869566
24.7,29.9,20.5,65,0,6.9,8,14.8,19.833333333333332
23.6,30.4,20.5,72,0,6.3,12.2,22.2,25.791666666666668
23.8,27.4,20.6,70,0,6.9,11.7,14.8,22.708333333333332
22.1,25.4,20.4,87,2.03,6.3,12.8,18.3,31.333333333333332
22,25.2,20.8,88,3.05,6.9,11.9,18.3,47.416666666666664
21.8,24.8,20,90,21.08,6.3,13,22.2,33.791666666666664
23.1,27.6,20.6,82,19.05,6.6,6.7,9.4,42.59090909090909
22.8,27.4,20.7,84,0.25,6.9,7.8,11.1,41.708333333333336
23.2,28.4,20.5,81,9.14,6.9,7.4,11.1,28.75
23.5,28.4,20.2,82,11.68,6.9,3,5.4,12.782608695652174
22.8,29,20.1,86,17.53,6.9,2.4,5.4,14.5
23.2,26.8,20.8,82,16.51,6.9,5.7,11.1,23.916666666666668
23,27.6,20,78,0,6.9,7.2,14.8,27.375
23,28.3,20,77,0,6.9,7.8,14.8,29.208333333333332
23.9,28.2,20.4,73,0.25,6.9,8.5,14.8,36.5
23,28.7,20.4,80,0,6.9,9.1,14.8,27.833333333333332
23,26.4,20.4,77,0,6.9,8.3,14.8,44.125
22.3,26.8,20.3,85,0.51,6.9,5.6,11.1,62.25
22.2,26.4,20.1,84,12.95,5.5,10.4,14.8,60.125
23.2,27.3,20.4,78,2.29,6.9,11.9,22.2,34.666666666666664
23.6,27.8,20.8,76,0.25,6.9,8.3,14.8,39.208333333333336
24.1,27.5,21,73,0.25,6.9,10.2,14.8,38.708333333333336
25,29.8,21,69,0.51,7.4,7.4,11.1,69.95833333333333
25.1,30.2,21.2,69,0,6.9,7.4,9.4,98.47826086956522
24.8,30.7,21.3,69,0,6.3,7.8,11.1,85.75
24.2,27.6,21.2,75,0.25,6.3,5.9,9.4,51.666666666666664
24.2,29,20.6,72,1.78,6.9,5.6,7.6,39.416666666666664
25.2,29.2,21.2,68,0,6.9,5.6,7.6,23.958333333333332
23.2,28.8,20.2,82,23.62,6.9,2,7.6,43.5
23.9,28,20.2,76,1.78,6.9,3.3,7.6,50.416666666666664
23.9,28.8,21,82,0,6.3,2.4,5.4,55.708333333333336
23.5,30.3,20.6,82,2.03,6.3,5.2,7.6,57.125
24.9,29.1,18.6,68,22.1,8.9,1.1,5.4,69.375
23.5,30.4,19.2,81,7.87,6.9,3.1,7.6,65.375
24.1,29.6,21.3,76,0,6.3,0.2,1.9,112.29166666666667
23.3,29.2,20.2,80,0,6.3,3.7,7.6,97.70833333333333
24.3,30.1,19.3,71,5.59,6.3,1.3,5.4,80.70833333333333
24.9,29.8,21.5,75,0,7.7,2.8,7.6,81.625
26.7,30.6,21.6,63,0,6.9,2.4,5.4,65.375
24.7,30.7,21.6,73,0,6.3,3.7,7.6,84.375
23.4,27.6,20.2,75,8.89,7.7,3.9,7.6,148.1304347826087
23.3,27.9,21,75,0,4.8,2.8,5.4,153.375
22.2,28.6,20.6,90,7.87,6.3,0,-,162.875
21.5,26.7,19.4,86,0,6.3,5.4,11.1,0.0
22.4,27,19,79,6.1,6.9,2.8,9.4,78.93333333333334
22.3,27.8,19.4,86,3.05,6.3,4.1,5.4,107.33333333333333
22.5,25.6,19.7,82,6.86,5.8,5.7,9.4,273.625
23.8,27.8,18,74,0.25,6.9,3.3,5.4,256.9583333333333
24.2,29.4,21,73,0,6.9,2.4,5.4,185.08333333333334
24.4,29.5,20.6,67,0,6.9,2.4,5.4,260.3478260869565
24.7,30.9,18.6,66,0,6,1.9,3.5,365.75
24.4,28.4,21.8,75,3.05,6.9,3.1,5.4,241.875
24.3,29.2,21.2,74,0,6.3,0.9,3.5,184.56521739130434
22.9,28,18.5,66,0,6.9,3.5,5.4,353.0416666666667
22.3,28.8,18.8,80,0,6.9,3.7,7.6,257.4166666666667
22.7,26.8,19.4,83,2.79,6.3,2,5.4,204.75
23.6,29.4,19.8,72,0,6.9,3.1,5.4,207.83333333333334
22.3,29.8,20.2,84,10.92,6.9,3.9,5.4,268.1666666666667
22.4,27.6,20.4,79,0,6.6,2.4,5.4,278.3333333333333
22.4,28.5,18.6,73,0,6.9,4.1,7.6,157.5
21.9,27.3,16.7,71,0,7.4,4.6,5.4,156.375
21.9,28.3,20,79,0.25,6.9,4.6,9.4,200.5
21.2,24.6,20,93,1.78,5.5,3.3,5.4,212.125
21.4,24,19.7,84,6.86,5.8,5.2,7.6,190.5
21.1,24.5,19.4,79,0.51,6.3,4.1,7.6,236.41666666666666
20.3,24.5,15.8,86,0.51,5.5,1.1,5.4,286.375
20.2,24.9,17.8,87,0,4,4.3,7.6,288.0833333333333
21.5,25.6,17,70,0,6.9,4.3,5.4,302.4583333333333
22.2,28.2,17.4,69,0,6.9,4.3,5.4,163.0
21.1,28.8,18.2,85,0,5.5,5.4,7.6,161.375
21.7,26,17.6,67,2.79,6.9,3.7,7.6,157.375
20.7,26.4,18,73,0,6.3,3.3,7.6,245.91666666666666
20.9,25,16.2,75,0,6.9,2.2,5.4,264.5833333333333
21.9,27.4,18,72,0,6.3,3.3,7.6,253.29166666666666
21.6,28.6,19.8,83,0,6.3,3.9,7.6,181.20833333333334
22.3,27.2,19,73,0,6.3,3,5.4,210.875
23.4,29.6,18,66,0,6.6,2.2,5.4,255.33333333333334
21.9,28.1,17.5,74,0,6.3,4.8,7.6,220.0
22,27.2,19.2,75,0,6.9,3.3,5.4,284.79583333333335
22.2,26,19.4,77,0,5.5,2,5.4,239.69545454545457
23.4,28.4,19.4,68,0,6.9,3.5,5.4,182.1875
22.2,26.2,18.8,68,0,6.3,5,7.6,264.06428571428575
22.7,28.6,18.2,61,0,6.3,3,5.4,223.20833333333334
23.1,29.8,18,60,0,6.9,1.9,3.5,200.64583333333337
22.9,27.6,17.4,53,0,8,0.6,3.5,285.22499999999997
21.9,29,16.4,51,0,6.9,4.4,5.4,334.3411764705882
21,29.5,14.4,51,0,6.9,2.8,5.4,276.90833333333336
23.3,28.6,19.2,65,0,6.9,2.4,5.4,108.0
23.3,29.8,17.7,55,0,6.3,3.7,7.6,107.625
22.6,31,17.2,47,0,6.9,3.7,7.6,125.89166666666667
22.6,31.3,15.4,33,0,6.9,3.9,5.4,181.01250000000005
23.4,31.7,15.5,37,0,7.7,1.3,3.5,152.55416666666667
23.9,32.7,15.9,45,0,7.7,2.8,5.4,152.32083333333335
25.1,33.4,19,50,0,6.9,2,5.4,319.7375
23.4,32.7,18.8,55,0,6.3,4.1,7.6,332.7083333333333
22.9,30.5,17.4,54,0,6.9,4.6,5.4,279.59999999999997
23.3,29.2,17.2,43,0,6.9,3,5.4,179.11666666666667
23.7,31,18,52,0,6.6,2.2,59.4,54.791666666666664
24.4,30.8,19,53,0,6.9,3.1,3.5,93.375
23.8,31.6,18.2,55,0,6.3,3.7,9.4,103.0
24.5,31,18.6,46,0,6.9,4.1,5.4,132.20833333333334
24.7,32.2,18,44,0,6.9,2,5.4,127.70833333333333
25.2,32.3,17.6,31,0,6.3,1.3,3.5,145.77777777777777
23.8,32.6,17.6,46,0,6.9,4.1,7.6,90.33333333333333
23.7,31.5,16.5,38,0,6.3,4.8,7.6,135.83333333333334
24,32.6,16.6,38,0,6.3,3.9,7.6,122.5
25,31,18,46,0,6.3,4.3,9.4,69.66666666666667
25.4,32.5,19.4,53,0,6.3,4.3,5.4,79.83333333333333
25.2,32.4,20.4,52,0,6.3,3.5,7.6,83.61111111111111
25.5,32.8,20.2,52,0,6.3,3.1,5.4,2.5555555555555554
24.5,32.3,20.4,57,0,6.3,2.2,3.5,2.0952380952380953
25.8,30.6,20,51,0,6.3,1.5,3.5,2.263157894736842
26.1,33.4,22.3,60,1.02,6.3,1.3,3.5,117.58333333333333
26.4,32.3,22,58,0,6.9,1.9,3.5,122.70833333333333
26.4,33.3,21.6,57,0,6.9,2,5.4,76.54166666666667
26.4,34.4,21,42,0,7.7,1.9,3.5,59.208333333333336
26.9,33.8,20.4,37,0,6.9,1.3,3.5,80.56521739130434
26.6,34.4,20.5,42,0,6.3,4.4,7.6,87.83333333333333
27.6,35.2,20.9,34,0,6.3,1.1,3.5,123.70833333333333
25.4,35.2,22.6,64,2.03,6.9,3.5,5.4,64.79166666666667
27.4,34.1,22,45,-,6.9,2.4,5.4,62.875
26.8,34.7,21,42,0,6.9,1.1,5.4,52.041666666666664
26.9,33,20.6,42,0,6.9,3,5.4,128.33333333333334
26.4,33.8,19.6,35,0,6.3,3.3,5.4,87.58333333333333
27.8,36.1,19.6,33,0,6.3,2.4,5.4,46.416666666666664
28.8,35.4,21,29,0,6.9,2.8,7.6,33.09090909090909
28.8,36,22,36,0,6.9,3,7.6,36.42857142857143
28.5,35.8,23,41,0,7.4,3.3,5.4,41.2
25,35.6,21,66,29.97,6.9,3,5.4,105.33333333333333
26.8,32.8,21,56,0,6.9,1.9,7.6,117.75
24.9,33.7,19,69,0,6.8,2.2,9.4,55.44444444444444
27.6,34,20.5,35,0,6.9,2.8,5.4,46.916666666666664
27.3,34.8,19.6,29,0,6.9,2.8,9.4,104.625
27.7,34.6,20.8,42,0,6.9,1.3,3.5,109.625
28.2,34.4,24,48,0,6.9,2.8,5.4,147.28571428571428
28.2,34.2,22.6,43,0,6.9,3.3,5.4,0.0
28,34.2,22.3,45,0,6.9,2,5.4,49.4
25.8,30.8,22.7,65,0,4,3,7.6,127.86666666666666
26.7,32,22.6,64,0,6.9,3.3,7.6,0.0
26.7,31.6,22.4,67,0,6.9,2.2,3.5,0.0
28.7,32.8,23,54,0,7.4,2.2,5.4,142.5
27.7,33.6,23.7,61,0,6.3,1.1,3.5,133.375
27.5,33.4,23.2,62,0.51,6.3,1.3,5.4,102.41666666666667
26.9,33.6,23.1,66,0.25,6.3,2,5.4,158.29166666666666
27.7,32.5,23.4,63,0,6.9,3.7,7.6,149.58333333333334
29.1,34,23.8,52,0,6.9,4.1,5.4,117.04545454545455
27.9,33.8,22.4,57,0,6.9,0.4,3.5,106.5
28.7,33.8,23.7,54,0,6.3,2.2,5.4,128.125
29,34.9,24,50,0,6.9,1.9,5.4,108.0
26.7,31.6,22.6,64,0,6.3,8.1,9.4,98.41666666666667
27.8,32.6,21.8,54,0,8.9,6.3,11.1,94.375
26.4,33.2,22,60,0,6.9,4.1,5.4,118.5
26.7,34.4,22,68,35.31,6.3,3.1,7.6,110.41666666666667
25.6,33.4,21.6,76,0,6.9,2.2,5.4,95.83333333333333
24.1,32.9,20.9,82,30.99,5.5,3,5.4,93.5
26.3,32,22.4,71,0.25,5.8,2.2,5.4,38.666666666666664
25.9,32.8,22.4,71,0,5.5,4.6,9.4,45.375
24.4,32,21.8,75,0,6.9,4.1,7.6,65.16666666666667
24.7,28.8,21.2,73,0,6.9,6.7,9.4,67.08333333333333
24.5,30.4,20.8,72,20.32,5.5,6.3,9.4,77.66666666666667
26.2,31.8,21.2,65,0,6.9,4.8,9.4,70.25
25.4,32.5,21.6,70,0,6.9,5.2,7.6,75.125
23.3,27,20,83,0,6.3,9.4,11.1,77.0
23.9,28.4,21,77,1.78,6.3,7.2,11.1,32.958333333333336
25,28.9,21.2,72,0,6.9,10.2,14.8,40.833333333333336
24.7,28.8,20.7,73,0,6.9,11.3,18.3,90.70833333333333
25.2,29.6,21.2,70,0,6.9,8.3,11.1,97.29166666666667
23.8,30.3,21.1,77,0,6.9,7.2,9.4,79.83333333333333
23.7,31.4,20.6,83,22.1,6.3,5.2,7.6,40.375
24.2,30.4,20.4,79,39.62,7.7,3.7,9.4,49.416666666666664
24.4,29.2,21,78,0,6.9,6.3,9.4,43.666666666666664
24.7,29.4,21.2,74,0,6.9,8.3,11.1,0.0
22.4,28.4,21,88,10.92,4.8,8.3,14.8,54.76923076923077
22.6,27.6,20.2,84,6.1,5.5,8.7,14.8,47.75
23.4,27.6,20.8,80,0,4.8,7.4,81.3,43.666666666666664
22.9,28.6,20.6,86,7.37,6.3,6.9,11.1,29.833333333333332
23.7,29.4,20.2,83,24.38,6.3,5.9,11.1,35.6
24.3,29.3,21.5,76,0,6.6,5.4,7.6,37.625
23.8,29.4,21.4,78,0,4.8,7.6,14.8,41.458333333333336
22.4,26.2,21,89,0,4.8,6.7,7.6,53.125
24.4,29,21,84,0.76,5.5,2.8,3.5,36.0
23.4,29.6,20,87,11.18,6.8,7.2,22.2,70.58333333333333
24.5,29.6,19,77,24.13,6.9,2,5.4,52.458333333333336
23.7,28.4,20.5,77,0,6.9,4.8,11.1,38.25
23.6,29.4,20.4,77,4.06,7.7,6.3,11.1,26.583333333333332
24.1,28.4,20.4,77,0,6.9,4.8,11.1,57.583333333333336
23.9,28.6,21.4,80,4.06,6.9,3.3,5.4,41.375
23,29.6,20.4,85,2.03,6.3,5.2,11.1,25.541666666666668
22.8,28,20.4,82,3.3,6.9,13.5,22.2,28.375
22.9,27.8,20.4,85,2.54,6.3,5.7,9.4,40.333333333333336
23.4,27.8,21.4,82,1.27,6.3,7.6,11.1,35.375
22.4,27.2,20.4,87,0,5.5,7,18.3,31.916666666666668
21.8,27.4,20.2,89,2.29,5.5,7.4,14.8,36.791666666666664
23.7,27.2,20.6,73,0,7.7,6.3,11.1,26.833333333333332
22.7,28,20.2,82,0,6.9,5.2,7.6,21.125
22.4,25.6,20.4,81,0,6.9,7.2,9.4,18.0
23.1,26.4,20.4,79,0,6.3,4.8,7.6,43.583333333333336
22.8,26.8,20.6,83,0,6.9,4.8,9.4,46.041666666666664
24.1,26.8,21,77,0,6.6,7.6,33.5,28.75
25,29.6,20.5,70,0,6.9,2,7.6,64.91666666666667
25.6,30.2,22,66,0,6.3,1.9,3.5,30.666666666666668
24.2,30,21.2,69,0,7.7,3.3,5.4,31.75
24.4,31.7,19.4,77,23.11,6.9,0.9,3.5,33.166666666666664
24,29.8,20,80,18.8,8.5,2,9.4,30.625
22.9,28.4,20.6,89,2.03,6.3,1.9,5.4,30.333333333333332
23.8,28,20.5,83,29.72,6.9,0.4,3.5,31.75
24.4,30.5,20.5,74,0,6.9,4.1,7.6,0.0
24.4,29.8,21.2,76,2.03,6.3,3.3,9.4,0.0
23.9,30.2,20.4,84,60.96,6.9,3.1,5.4,0.0
21.6,25.5,19.7,87,17.53,4.8,6.3,11.1,83.45833333333333
22.5,25.6,20.4,84,1.02,5.8,5.2,9.4,71.66666666666667
22.8,26.5,20.2,79,0,6.9,6.7,11.1,65.625
22.1,28.4,20.4,85,0,6.3,6.9,9.4,62.375
20.4,25.8,19.6,93,20.83,4,8,9.4,24.875
22.1,26,19,83,11.43,4.8,9.3,14.8,37.333333333333336
24.3,28.4,20.9,76,0.51,6.9,4.1,5.4,41.5
22.8,29.6,20.6,80,3.05,5.5,4.8,7.6,38.791666666666664
23.3,26,20.5,77,0,6.9,2.2,5.4,48.916666666666664
23.5,26.6,19.5,76,0,6.9,3,5.4,26.666666666666668
24.7,28.4,21,72,0,6.3,3.1,7.6,29.0
23.5,29.6,20.8,79,0.51,5.5,4.3,7.6,34.25
25,31.3,21.9,72,0,8.5,2.4,5.4,63.17391304347826
25.7,30.4,21.2,66,0,7.7,1.3,3.5,41.583333333333336
23.7,31.2,19.8,82,0,6.3,2.8,5.4,50.916666666666664
21.2,25.4,20,88,5.08,4.8,5.7,9.4,82.83333333333333
21.5,24.6,19.8,82,0.51,6.3,7.8,9.4,95.25
22.5,26.2,19.2,76,0,7.7,7.8,22.2,115.83333333333333
23.3,28,21,85,1.78,4.8,2,9.4,136.70833333333334
22.9,26.6,20.8,86,3.81,7.4,3.9,5.4,160.66666666666666
22.7,26.2,20.4,87,67.06,6.9,2.2,3.5,173.58333333333334
23.5,27.2,20.2,76,0,6.9,0.9,3.5,261.6666666666667
23.6,29.4,19.4,67,7.87,6.9,0.4,3.5,272.4166666666667
23.7,30,19,66,0,7.6,0.9,3.5,226.29166666666666
24.1,28.8,18.5,63,-,6.3,0.9,3.5,99.70833333333333
24.8,30.4,19,63,0,6.9,0,-,217.375
24.3,31.5,20.4,70,0.25,6.9,1.3,3.5,337.5
24.7,29,19.8,66,0,6.9,1.9,3.5,250.375
23.4,29.2,20.2,77,0,6.9,3.5,5.4,278.0
23.4,30.2,20.8,76,0,6.9,4.1,7.6,192.33333333333334
22.7,27.8,18.4,69,0,7.7,3,5.4,235.33333333333334
22.1,28,20.4,87,0,5.5,2.8,5.4,214.63636363636363
22.8,27.4,20,75,8.89,6.9,5.6,7.6,221.54166666666666
21.6,28.2,19.1,90,0,5.5,4.3,5.4,210.54166666666666
22.9,28.3,20,76,0,6.9,6.5,7.6,130.70833333333334
22.2,28.1,18.6,69,0,6.9,5.9,7.6,194.70833333333334
21.9,28.8,17,50,0,6.9,3,5.4,250.875
21.1,26.6,18.4,81,-,6.9,8,11.1,110.0
19.4,23.8,18.4,96,2.03,4,5.9,14.8,160.0
19.7,22.6,17.8,85,13.21,5.5,5.7,9.4,217.91666666666666
21.1,27,17,60,0,6.9,4.8,7.6,176.375
20.8,26.6,16.7,77,0,6.9,4.3,7.6,185.95833333333334
19.9,26.4,18,89,2.29,4,4.3,7.6,195.375
21.7,25.2,19.4,84,7.62,5.5,5.6,9.4,365.2916666666667
21.3,26.2,19.5,91,5.59,5.5,2.8,5.4,312.2083333333333
21.7,25,19.4,84,0.76,6.9,4.4,5.4,237.625
21.2,28,17,70,0,6.9,0,-,202.875
20.8,27.5,17.2,69,0,6.9,2.2,3.5,260.1666666666667
21.3,27.8,16.4,66,0,6.9,3,5.4,403.9583333333333
20.4,28,17.2,73,0,6.3,3.3,7.6,284.1666666666667
20.3,25.6,17,73,0,6.3,2.2,7.6,288.4166666666667
19.7,25.7,14.5,66,0,6.9,0.9,3.5,256.8333333333333
21.2,28.2,17.4,65,0,6.9,1.1,5.4,169.0
21.2,29,16,61,0,6.9,2.8,5.4,186.04166666666666
21.4,28.4,15.2,61,0,6.9,1.5,5.4,185.58333333333334
21.1,29.6,18.8,80,0,6.3,5,9.4,284.79583333333335
20.6,25.3,16.6,70,0.51,6.6,5.2,7.6,239.69545454545457
20.9,26,16.6,80,-,5.5,5.2,7.6,182.1875
21.9,26,18.8,81,0,6.9,6.5,9.4,197.63571428571427
21.6,25.4,19.1,90,0.51,6.3,3.5,5.4,223.20833333333334
22.3,27,20,83,0,6.3,1.9,5.4,200.64583333333337
21.4,27,19.2,85,0,6.3,3.1,7.6,154.875
21.3,26,16.8,71,0,6.9,3.9,7.6,334.3411764705882
20.8,27.7,16.4,81,0,6.9,4.6,11.1,276.90833333333336
21.8,25.4,17.3,76,0,6.9,4.1,5.4,267.9818181818182
21.8,28.8,16.1,66,0,6.9,1.3,5.4,107.625
22.7,28.4,16,67,0,6.9,2.2,5.4,125.89166666666667
23.8,31.1,17,67,0,6.9,0.4,3.5,179.3083333333333
21.6,29.5,16.3,62,0,6.9,3,5.4,152.55416666666667
21.9,29.4,15.4,57,0,6.9,1.9,3.5,152.32083333333335
21.7,30.8,15.4,58,0,6.9,4.1,7.6,171.42916666666665
22.7,29.8,17.2,60,0,6.3,5.2,7.6,332.7083333333333
22.8,30.1,16.8,53,0,6.9,4.1,7.6,279.59999999999997
22.1,29.6,16.8,62,0,6.9,5.4,9.4,179.11666666666667
21.8,28.6,17.9,64,0,6.9,5,7.6,166.29999999999998
22.3,30.4,15,44,0,6.9,4.6,7.6,93.375
22.1,30.1,16.1,51,0,6.9,4.6,11.1,103.0
20.6,29.8,14.9,61,0,6.6,4.6,5.4,211.125
-,-,-,-,-,-,-,-,152.0
-,-,-,-,-,-,-,-,132.20833333333334
-,-,-,-,-,-,-,-,127.70833333333333
23.9,32,18.4,55,0,6.9,4.6,9.4,0.0
23.8,31.4,18.4,55,0,8.5,4.8,9.4,0.0
22.8,31.2,18,61,0,6.9,5.9,11.1,90.33333333333333
-,-,-,-,-,-,-,-,122.5
24.5,30.4,18.2,65,0,6.9,2.4,5.4,46.708333333333336
24.4,31.1,18,65,0,6.9,2.8,5.4,69.66666666666667
25.3,32,17.4,56,0,6.9,1.5,5.4,79.83333333333333
25.4,33.8,17.4,39,0,6.9,2.4,5.4,2.5555555555555554
25.3,33.6,18.4,42,0,6.9,2.8,5.4,2.0952380952380953
25,32.5,18.2,37,0,6.9,3,7.6,2.263157894736842
26.5,35.9,17.5,38,0,6.9,3.1,5.4,117.58333333333333
26,33.8,19,40,0,6.9,3.1,5.4,122.70833333333333
25.6,33.5,18.7,49,0,6.9,3.9,7.6,76.54166666666667
25.1,32.6,16.7,47,0,7.7,3.1,9.4,59.208333333333336
26,33,18.6,51,0,6.9,3.9,11.1,80.56521739130434
26.5,33.8,18,44,0,6.9,3,5.4,87.83333333333333
26.2,33.6,19.6,42,0,6.9,2.4,5.4,123.70833333333333
26.3,33.8,19.6,45,0,7.7,2.8,9.4,64.79166666666667
26.5,34.2,19.7,40,0,6.9,2,9.4,62.875
28.2,34.6,21.6,41,0,6.9,2.8,7.6,52.041666666666664
28.1,35.1,21.6,38,0,6.9,4.8,7.6,128.33333333333334
28,35.7,21,47,0,6.3,5.4,11.1,87.58333333333333
29.3,35.6,22.4,45,0,6.9,3.9,9.4,46.416666666666664
29.2,37.2,23.1,45,0,6.6,4.8,9.4,33.09090909090909
28.7,36.7,21.4,42,0,6.9,4.6,11.1,36.42857142857143
28.3,36.8,22.4,52,-,6.9,4.4,9.4,41.2
28.3,35,20.8,39,0,6.3,4.1,9.4,105.33333333333333
27.8,35.6,22.6,43,0,6.9,3.5,5.4,117.75
27.5,35,22,49,0,6.9,4.8,9.4,55.44444444444444
27.1,33.8,22.8,60,0,6.9,4.6,11.1,46.916666666666664
25.2,33.4,21.8,72,1.02,6.3,3.7,7.6,104.625
25.3,33.2,19.8,67,1.78,5.8,2.6,48.2,109.625
28.3,34.3,22.7,56,0,6.3,4.8,9.4,147.28571428571428
27.5,34.6,23.4,59,0,6.3,3.5,9.4,0.0
26.6,34.4,21.4,65,0,6.9,2.8,5.4,49.4
26.5,31.9,21.8,66,0,6.9,0.4,3.5,127.86666666666666
27.3,33,23,57,0,6.9,1.1,5.4,0.0
27.1,32.4,23.2,54,0,6.6,1.5,3.5,0.0
27.1,33.4,22.5,61,0,6.3,4.6,5.4,142.5
27,32.9,23.4,63,0,6.3,3,7.6,133.375
27.3,33,22.7,67,0,6.9,3.9,5.4,102.41666666666667
27.2,33,22.6,64,0,6.3,4.6,11.1,158.29166666666666
26.8,33,23.3,68,0,6.9,2.8,5.4,149.58333333333334
28.2,33.4,22.3,60,0,6.9,4.4,9.4,117.04545454545455
25.4,31.9,20.7,77,35.05,5.5,1.9,3.5,106.5
26.7,31.9,21.4,69,26.16,6.9,4.1,11.1,128.125
23.8,32.6,22.2,78,0,4.8,9.6,18.3,108.0
26.4,33.1,21.6,69,0,6.3,9.8,14.8,98.41666666666667
24.7,33.4,22.2,79,1.02,5.5,8,18.3,94.375
23.3,30.8,21.4,86,2.79,4.8,5.7,18.3,118.5
24.3,31.7,20.8,79,0.25,5.5,7.6,11.1,110.41666666666667
24.9,30.2,20.4,73,30.99,6.6,9.1,63,95.83333333333333
25.3,30.1,21.2,66,0,6.3,10.4,14.8,93.5
26.2,32.1,21.4,68,0,6.9,9.3,18.3,38.666666666666664
26.1,32.3,21.1,70,-,6.9,10.2,16.5,45.375
25.9,33.7,22.2,75,1.02,6.3,3.5,7.6,65.16666666666667
24.6,33.7,21.9,83,0.51,5.5,1.5,5.4,67.08333333333333
25.4,29.7,22.1,73,0.51,6.6,4.3,9.4,77.66666666666667
25.6,31,21.8,65,0,6.9,7.8,14.8,70.25
24.2,31.1,20.5,74,3.05,6.9,8.1,14.8,75.125
23,29,20.2,80,0,5.5,12.2,14.8,77.0
22.3,27.6,20.4,84,0,4.8,10.7,16.5,32.958333333333336
22.7,26.5,20.2,86,4.32,5.5,9.3,14.8,40.833333333333336
23.4,28,20.8,76,0,5.5,10.2,11.1,90.70833333333333
24.3,28.8,20.5,72,0,6.9,9.1,16.5,97.29166666666667
24.3,29.6,20.4,74,0,6.9,7.6,14.8,79.83333333333333
24.8,29.4,20.1,66,-,6.9,10.7,18.3,40.375
22.8,29.7,20,80,0,4.8,9.1,14.8,49.416666666666664
22.6,27.2,20.2,84,2.29,4,5.6,7.6,43.666666666666664
25.7,32.7,23,76,2.54,6.3,7.4,14.8,0.0
26,30.6,22,67,0,6.9,8.5,14.8,54.76923076923077
25.7,31.4,21.7,69,0,6.9,6.1,11.1,47.75
24.6,30,22.3,80,0,5.8,4.1,11.1,43.666666666666664
25.3,29.4,21.8,78,0,6.3,5.7,11.1,29.833333333333332
24.2,30.1,21.6,79,0,6.3,5.7,11.1,35.6
22.3,27,20.4,86,5.08,4,9.3,14.8,37.625
21.6,25.2,20.4,95,6.1,4,4.6,9.4,41.458333333333336
21.7,25.4,19.9,91,18.8,4,6.5,11.1,53.125
22.6,26.8,20,87,4.32,6.9,6.1,7.6,36.0
23.1,27.6,19.7,81,7.11,6.3,9.1,16.5,70.58333333333333
21.8,27.8,20.4,91,0,4,8,9.4,52.458333333333336
23.2,28,20.6,87,24.38,6.3,5.7,11.1,38.25
23.4,28.4,20.5,81,59.69,6.3,6.5,11.1,26.583333333333332
23.4,28.3,20.1,78,0,6.3,7.4,11.1,57.583333333333336
23.7,28.7,19.9,76,0,5.5,8.1,11.1,41.375
23.2,28,20,77,0,6.3,6.9,9.4,25.541666666666668
23.6,27.5,19.6,72,0,6.9,8.9,16.5,28.375
23.5,28.2,20,79,1.02,6.9,6.7,11.1,40.333333333333336
24.3,29.4,20.9,78,4.32,6.9,5.7,9.4,35.375
24.9,30.3,20.8,77,1.27,6.3,5.6,7.6,31.916666666666668
25.5,30.7,21.7,74,0.51,6.3,5.2,7.6,36.791666666666664
23.2,27,20,81,3.81,6.3,5,7.6,26.833333333333332
23.6,27.4,20.3,75,0,7.4,8.1,14.8,21.125
23.2,28,20,76,0,6.3,5.6,9.4,18.0
23.6,28.4,20.4,77,0.25,6.9,6.7,11.1,43.583333333333336
24.1,28.8,20.5,76,7.11,5.5,4.8,9.4,46.041666666666664
22.4,28.6,19.6,86,0.25,5.5,2.2,3.5,28.75
24.1,29.1,20.7,78,1.02,6.3,3.9,7.6,64.91666666666667
24.1,29.6,21,79,0,6.9,5,7.6,30.666666666666668
22.7,30.4,20.5,89,24.89,6.3,5.6,9.4,31.75
23.9,27.6,19.7,74,0.51,6.9,6.3,9.4,33.166666666666664
23.6,29.3,20.9,79,0,5.8,4.6,5.4,30.625
22.6,29.4,20.4,87,2.79,6.3,4.3,7.6,30.333333333333332
22.5,26.7,19.5,85,44.7,5.5,6.1,7.6,31.75
22.2,27,20,84,2.03,6.9,9.6,14.8,0.0
23.1,27,20.5,82,0.51,6.3,7.2,9.4,0.0
24,27.8,20,76,0.51,6.9,6.3,7.6,0.0
23.7,28,20.9,80,0,6.3,8.7,14.8,83.45833333333333
24.1,28.2,21,78,0,6.9,7.4,14.8,71.66666666666667
23.8,28.2,20.5,80,4.06,6.3,7.8,14.8,65.625
25.7,30.8,20.6,70,-,6.9,2.4,5.4,62.375
22.4,31.3,19.8,92,26.16,5.5,0.9,3.5,24.875
23.5,29,20.3,84,53.34,6.9,2.8,7.6,37.333333333333336
24.2,28.8,20.8,79,0.51,6.9,6.3,9.4,41.5
23.1,29.2,20.1,83,12.19,6.9,5.4,7.6,38.791666666666664
22.7,27,20.2,80,0.51,6.9,8.1,11.1,48.916666666666664
24.6,29.8,21.7,81,1.02,6.9,6.3,7.6,26.666666666666668
24.2,30.8,21,82,0,6.3,3.9,9.4,29.0
23.7,30,20.8,86,0,5.5,2.8,7.6,34.25
24.9,29.6,21,78,0.51,6.9,3,7.6,63.17391304347826
22.8,30.6,21.4,91,6.1,5.5,3.5,7.6,41.583333333333336
22.1,27.1,20.8,94,7.87,4.8,3.1,5.4,50.916666666666664
22.8,27.8,19.7,87,18.29,6.9,4.1,7.6,82.83333333333333
24.2,28,20.4,83,26.92,6.9,3,7.6,95.25
23.6,29,21.5,87,39.62,5.5,2.8,3.5,115.83333333333333
23.8,27.6,20.5,81,15.24,6.9,1.5,5.4,136.70833333333334
24.7,28.8,21.8,76,0,6.3,1.3,3.5,160.66666666666666
25.5,29.3,20.9,73,0.51,6.9,3,7.6,173.58333333333334
23.9,29.4,20.9,75,0,6.3,3.3,7.6,261.6666666666667
23.5,28.1,20.4,74,0,6.9,3.5,5.4,272.4166666666667
22.3,28.4,19.6,76,0,6.1,2,3.5,226.29166666666666
23.2,28,20.3,82,0.51,5.5,4.8,9.4,99.70833333333333
22.9,27.8,20.8,84,2.03,6.9,6.9,11.1,217.375
22.1,27.6,20.6,86,0,4,7.4,11.1,337.5
22.3,26.8,20.2,85,0,5.3,3.9,5.4,250.375
21.6,27.4,19.4,86,-,7.1,3.1,11.1,278.0
20.5,24.5,19,91,2.03,4,1.9,3.5,192.33333333333334
21.4,25.6,18.2,72,1.02,6.9,3.9,7.6,235.33333333333334
21.8,23.6,20.1,95,6.6,3.7,2.2,3.5,214.63636363636363
22.4,24.6,20.8,93,0,4.8,2.6,7.6,221.54166666666666
22.8,26.2,20.7,90,1.02,6.3,1.3,3.5,210.54166666666666
21.1,22,19.8,98,73.41,4,2.4,5.4,130.70833333333334
21.1,22.6,20.1,95,3.81,3.5,2.2,48.2,194.70833333333334
22.5,25.4,19.3,89,2.29,6.3,0.4,3.5,250.875
23,27,19.4,75,11.43,5.5,3.9,7.6,110.0
21.8,27,19.1,81,0,4.8,4.6,7.6,160.0
21.2,24.9,19.5,86,0,4,5,5.4,217.91666666666666
21.7,26.4,20,87,0,4.8,4.1,9.4,176.375
22.1,25.4,19.5,86,0,4,3.3,5.4,185.95833333333334
23.2,27.4,20,81,0,5.5,1.5,5.4,195.375
22.6,28.2,19.8,74,0,5.8,2,5.4,365.2916666666667
23,28.4,18.6,72,0,6.9,5.6,11.1,312.2083333333333
22.6,28.2,20.2,82,0.51,5.5,5.2,7.6,237.625
20.4,26,19,89,1.02,4,6.5,11.1,202.875
21.2,24.4,18.3,82,2.79,4.8,8.1,11.1,260.1666666666667
20.6,24.4,18.8,84,0.25,5.5,7,11.1,403.9583333333333
20,27,15.6,58,0,6.8,5.9,11.1,284.1666666666667
20.7,26.8,14.8,62,0,7.1,6.7,11.1,288.4166666666667
19.8,27.2,15.8,69,0,5.5,1.5,5.4,256.8333333333333
21.8,30,14.7,52,0,6,3,9.4,169.0
22.2,30.2,15.1,54,0,6.3,3.9,7.6,186.04166666666666
21.2,30.2,16.6,64,0,6.3,6.1,11.1,185.58333333333334
20.3,26.5,18.8,83,0,4.8,7.8,11.1,255.875
21.4,24.6,18.5,77,3.3,5.5,9.4,14.8,226.52173913043478
22,26.4,17.5,70,0,6.9,9.3,14.8,239.1304347826087
21.4,27.2,16.3,68,0,6.3,7.6,9.4,392.2083333333333
22.1,28.4,18.1,69,0,6,8.9,11.1,264.9166666666667
21.9,28.2,18.4,72,0,6.3,7.2,9.4,422.0869565217391
22.4,28.4,18.3,71,0,6.3,5,7.6,461.9130434782609
22.4,29.4,18.4,62,0,6.3,5.4,11.1,263.6
22.3,29,16.5,62,0,6.3,2.6,9.4,376.9166666666667
23.1,29.2,17.4,63,0,6.3,1.9,7.6,362.0
21.7,27.9,16.6,55,0,6.3,3.3,7.6,0.0
22,29,15,53,0,6.9,2.6,9.4,97.71428571428571
23.1,31.4,16.6,46,0,6.3,3,11.1,114.33333333333333
22,30.2,16.2,57,0,6.3,5.4,9.4,205.125
22.5,29,17.8,68,0,6.9,3.3,5.4,214.125
22.2,28.8,19.8,72,0,5.3,10.7,14.8,202.95833333333334
24.3,31.6,19.2,64,0,6.9,3,7.6,322.25
24,30.6,19.5,63,0,6.3,3.1,7.6,246.04166666666666
23.8,31.5,17.8,58,0,6.3,3.9,9.4,209.65217391304347
23.7,31.3,18.9,64,0,5.5,4.8,9.4,187.16666666666666
22.8,29.8,18.9,65,0,6.3,4.8,7.6,143.91666666666666
23.1,30,17.6,61,0,6.3,5.7,9.4,104.6086956521739
22.4,29.5,16.8,61,0,6.3,8.7,11.1,126.0
22.8,30.3,17.6,59,0,6.9,5.9,7.6,116.45833333333333
23.3,30.1,17,53,0,6.3,7,11.1,143.0
23.1,30,18.3,58,0,6.9,7.2,14.8,194.91666666666666
23.1,30.6,16,53,0,6.9,5.7,11.1,276.2105263157895
24.7,32,16.8,41,0,6.9,3.9,7.6,211.0
25.3,33.1,17.6,45,0,6.9,2.8,11.1,172.0
24.2,31.2,17,36,0,6.9,5.9,9.4,204.54545454545453
24.1,33,16,40,0,6.9,7.2,11.1,130.16666666666666
24.1,31.7,17.4,46,0,6.9,9.1,11.1,68.91666666666667
25.2,32.1,18.4,42,0,6.9,3.9,9.4,120.91666666666667
24.7,32.8,17.2,27,0,6.9,6.3,9.4,153.625
24.1,31.8,15.7,35,0,6.9,5.6,11.1,119.41666666666667
22.4,30.7,18.7,68,0,6.3,7.6,14.8,110.70833333333333
24.9,30.6,18,49,0,6.9,4.1,7.6,138.5
26,32.8,18.5,40,0,6.9,6.5,14.8,39.291666666666664
26.4,33.6,18.6,39,0,6.9,4.8,7.6,146.54166666666666
27,33.3,19.3,48,0,6.3,5.9,9.4,174.9375
26.7,33.8,20.1,44,0,6.3,2.8,7.6,163.0
26.5,34.8,21.7,58,0,6.3,5.7,11.1,100.04166666666667
24.9,34.1,21.8,66,0,6.3,4.3,5.4,109.45833333333333
24.7,33.2,21.3,73,6.1,6.3,2.8,7.6,103.08333333333333
26.6,32.6,22.4,63,0,5.8,1.5,5.4,108.20833333333333
27.1,31.8,22.7,64,0,6.9,3,11.1,103.83333333333333
27.8,33.8,23,54,0,6.9,2.2,7.6,140.8421052631579
28.3,34.3,22.7,54,0,6.9,4.8,7.6,101.79166666666667
27.1,34.6,23.4,62,0.25,6.3,3.9,5.4,106.16666666666667
27.4,34,22,56,0,6.9,2.4,5.4,89.875
28.2,33.6,22.8,48,0,8,2.8,-,71.95833333333333
28.7,35.8,22.6,40,0,7.4,6.1,9.4,47.041666666666664
28.1,35.5,22,52,0,6.3,5,7.6,67.79166666666667
28.3,34.9,23.4,50,0,6.3,5,11.1,65.45833333333333
25.3,34.8,22,71,11.94,6.3,4.6,9.4,79.0
24.4,33.7,19.4,74,18.03,5.3,1.7,7.6,123.58333333333333
25.4,33,19.1,63,37.59,6.3,3.5,9.4,97.875
26,32.4,20,64,32.77,6.9,0.9,3.5,137.875
27.9,34.1,21.8,57,0,6.9,0.4,3.5,87.875
28.1,34.5,23.2,56,0,6.9,3,5.4,61.875
28.6,34.6,23.2,52,0,6.3,3.9,5.4,97.04166666666667
28.9,34.6,23.4,52,0,7.4,2.2,5.4,96.08695652173913
29.1,35,23.7,47,0,6.9,3.9,7.6,105.75
24.9,34.8,20.4,74,0,6.3,4.8,9.4,90.5
26.3,33.9,20.2,67,54.1,6.9,3,9.4,55.416666666666664
26.3,34,21.6,67,0,6.9,1.9,3.5,79.29166666666667
26,33.5,21.2,66,5.08,6.3,2.4,5.4,198.875
26.1,33.2,22.2,70,0,5.8,2.8,5.4,120.70833333333333
25.3,33.2,20.8,73,2.03,6.9,5.2,9.4,117.375
22.9,26.3,20,86,2.03,6.3,6.1,9.4,79.0
25.2,29.7,21.8,78,0,6.9,3.9,7.6,133.70833333333334
25.2,29.7,20.9,79,21.08,6.9,4.3,7.6,87.08333333333333
20.6,29,19,91,0.76,5.5,7.8,11.1,65.16666666666667
21.8,27,17.9,83,4.83,6.9,10.4,18.3,83.58333333333333
22.8,27,18.8,76,3.81,6.9,8.3,14.8,86.91666666666667
25.5,30.7,22.2,71,0,6.9,3.1,7.6,48.125
26.1,31.9,22.6,70,0,6.6,5.9,14.8,103.16666666666667
26.1,31.9,21.6,63,0,6.9,6.3,11.1,119.70833333333333
24.1,30.4,20.6,77,6.86,6.6,6.1,9.4,44.791666666666664
25.2,30.4,21.2,72,3.3,6.9,4.4,9.4,75.08695652173913
25.7,31,22,73,0,6.9,7.2,9.4,60.0
24.7,32.2,20.6,77,23.88,6.9,4.1,7.6,87.08333333333333
24.9,30.6,21.1,76,0.76,6.9,6.3,11.1,76.20833333333333
25.1,30.6,21.2,72,0,6.9,8.7,11.1,88.0
25.2,30.6,21.5,70,0,6.3,9.8,11.1,84.20833333333333
25.2,30.5,20.6,68,0,6.9,6.5,9.4,85.94444444444444
24.9,31.9,20.6,72,9.91,6.3,6.3,7.6,113.70588235294117
23.7,31.9,20.2,83,30.99,5.5,5.2,9.4,63.36363636363637
24.2,29.5,21.1,80,1.02,6.3,5.9,9.4,62.476190476190474
24.1,29.5,20.7,78,2.03,6.6,6.7,7.6,78.54166666666667
23.2,27.8,20.8,82,14.99,4.8,7.8,9.4,73.0
23,28.8,20.5,81,3.05,6.3,13.9,18.3,83.21052631578948
23.8,28.3,20.5,75,0,6.3,12.6,20.6,79.0
23.7,28.3,20.1,74,0,6.9,7.8,9.4,71.29166666666667
23.6,28.7,20.5,80,3.56,6.3,8.3,11.1,143.1578947368421
24.1,28.7,20.9,76,0,6.3,8,11.1,233.93333333333334
23.5,28.5,21.1,83,0,6.3,8.9,11.1,104.6
21.4,25,20.2,93,1.02,4,8.7,11.1,66.13636363636364
21.4,25.5,19.7,88,6.1,4.8,9.3,14.8,71.0
21.7,25.5,19.8,91,7.11,4,7.6,9.4,65.19047619047619
21.6,27.5,19.7,86,1.02,4,10.4,59.4,269.9166666666667
21.2,24.3,19.5,88,2.03,4,11.1,14.8,162.25
22.3,25.6,19.5,83,2.29,4,10.7,14.8,249.68421052631578
24.7,29.6,20.1,76,0.25,6.9,5,7.6,226.41176470588235
24.9,30.8,21.4,76,0,6.3,5.9,7.6,159.0
23.7,30.8,20.5,81,82.55,4.8,7.2,9.4,198.2
24.1,28.5,20.2,72,0.51,6.9,7.4,9.4,47.375
23.9,28.5,21.2,77,0,6.9,4.6,7.6,38.166666666666664
24.1,29.5,20.8,82,0.76,5.5,2.4,5.4,42.541666666666664
23.5,31.5,20.5,92,48.26,5.5,1.9,5.4,27.363636363636363
24.2,30.5,20.3,83,13.97,6.3,3.1,5.4,45.833333333333336
22.6,30.5,20.1,89,45.97,5.5,1.3,3.5,33.708333333333336
22.4,28.1,19.7,90,62.99,5.5,2.2,5.4,31.875
21.9,24.6,20.2,91,3.81,4,10.9,14.8,30.666666666666668
21.9,24.6,20.2,87,3.05,4,9.1,14.8,29.958333333333332
22.1,26.1,19.8,83,2.54,6.3,9.4,11.1,47.458333333333336
23.4,27.6,19.8,74,0.25,5.5,9.8,11.1,22.333333333333332
23.1,27.6,19.6,78,0,6.3,7.8,11.1,25.083333333333332
23.8,28,20.1,76,0,6.9,4.3,9.4,32.958333333333336
-,-,-,-,-,-,-,-,66.79166666666667
23.1,29.1,20.5,80,0,6.4,7,9.4,47.583333333333336
23.1,29.1,21.2,85,16,6.3,5.2,7.6,48.291666666666664
22.8,28.5,20.7,85,7.87,6.3,7.8,14.8,51.375
22.8,28,20.3,89,41.4,6.3,3.1,5.4,38.416666666666664
22.9,27.9,19.3,84,21.08,5.5,4.3,5.4,50.0
23.7,28.4,19.2,80,14.99,6.3,3.9,5.4,56.0625
23.1,28.4,21,84,0,5.8,1.1,3.5,22.833333333333332
23.5,28.4,20,82,11.94,6.9,0.7,3.5,25.347826086956523
25.1,30,21,79,0,7.4,1.5,3.5,25.291666666666668
22.4,29.5,20.7,88,38.86,5.5,6.5,9.4,41.875
22,26,19.9,90,4.06,4,7,9.4,50.583333333333336
23.3,27.5,20.3,83,0.76,5.8,8.7,14.8,44.416666666666664
22.7,28.3,19.6,84,0,6.9,8.3,14.8,57.291666666666664
22.8,27.8,20,84,3.05,5.8,8,11.1,38.25
23.3,27.8,19.8,77,0.25,6.9,7.2,11.1,57.208333333333336
23.9,29.3,20.5,73,0.25,6.6,6.9,9.4,56.916666666666664
23.2,28.2,19.1,71,0,6.9,6.9,11.1,54.625
23.2,28,19.6,78,0,6.9,5,7.6,42.875
24.3,29.4,19.6,72,9.91,6.9,4.1,7.6,52.25
22.6,29.4,21,87,0,5.5,2.4,5.4,43.333333333333336
24.2,27.7,20.6,75,12.95,6.9,4.4,7.6,41.875
20.9,25.4,18.7,92,18.29,5.5,5.2,7.6,0.0
22.7,26.2,18.2,82,3.05,6.9,6.5,9.4,0.0
22.5,26.5,20.2,85,0,5.5,4.6,7.6,0.0
23.8,27,19.3,73,0,7.6,4.8,7.6,70.70833333333333
23.2,27.5,20,76,0,6.9,3.7,7.6,51.791666666666664
22.9,28,21.2,86,0,5.8,2,3.5,72.81818181818181
24,29,20.6,84,4.06,5.5,0.4,3.5,21.384615384615383
22.5,29,20.1,91,66.04,4.8,1.3,3.5,13.0
23.1,27.4,19.8,87,45.97,5.5,3.3,9.4,12.6
23.1,29,19.4,82,28.96,6.3,1.1,5.4,178.28571428571428
23.4,30,19.4,82,60.96,5.8,1.5,5.4,158.3913043478261
23.8,28.8,20.1,77,0,7.4,3.1,9.4,181.54166666666666
22,28,15.4,54,0,6.9,1.1,5.4,119.41666666666667
22.7,29,16.3,54,0,6.9,0.4,3.5,126.0
22.7,29.5,15.5,59,0,6.9,2,7.6,172.66666666666666
23.3,28.2,19,63,0,6.3,4.6,5.4,215.54166666666666
21.6,29.3,19.6,85,0,5.8,2.6,5.4,239.41666666666666
20.9,26.5,18.8,90,7.87,5.5,6.3,7.6,196.54166666666666
21.3,24,19.6,90,3.3,5.8,4.4,7.6,206.75
22.5,27.8,18.5,65,4.32,6.3,3.9,5.4,185.5
23.3,29,17.9,63,0,6.3,3.1,5.4,282.1666666666667
22.5,29,18.5,61,0,6.9,3.1,5.4,226.45833333333334
21.2,22.8,19.4,89,22.86,5.5,5.2,9.4,166.875
22.3,26.6,19,79,0.25,6.6,4.6,5.4,135.16666666666666
22.7,28.2,18.8,77,0.76,6.3,3,5.4,133.125
20.8,27.8,15.8,58,0,6.3,3.1,7.6,215.5
19.4,27,15.4,66,0,6.6,3.9,7.6,223.375
21.6,26.6,13.9,55,0,6.9,2.8,9.4,195.69565217391303
22.4,27,18.6,80,6.1,5.5,3.7,7.6,152.04166666666666
22.9,27.3,18.8,76,0,6.3,3.1,5.4,212.125
23.6,28.2,20,74,0,5.8,3.1,5.4,248.625
21.3,28.1,17.8,86,0,5.5,3.9,9.4,91.75
22.9,27.4,19.8,78,0,5.5,4.4,7.6,104.26086956521739
23.2,28.5,19.4,75,0,6.9,6.3,9.4,113.375
21.3,27.4,17.8,54,0,6.3,4.3,7.6,110.875
21.3,27.6,17.3,53,0,6.3,5.6,7.6,200.33333333333334
19,26,17.6,71,0,6.3,8.3,14.8,161.79166666666666
20.9,24,19.4,91,9.14,4.8,6.5,11.1,60.2
21.2,25.4,18.6,86,7.62,6.9,4.4,11.1,97.85714285714286
20.7,26.6,16.4,60,0,6.9,3.1,7.6,152.83333333333334
20.7,26.5,17.6,67,0,6.3,8,11.1,188.04166666666666
21.4,26.2,16.6,75,0,6.6,5.2,9.4,310.25
21.2,28.4,16.8,60,0,6.9,5.6,9.4,375.7916666666667
21.2,29,18.4,87,0.51,4,7.8,9.4,223.25
21.9,24.6,19.8,85,3.81,6.3,8.5,11.1,248.95833333333334
21.2,25.4,19.8,88,1.27,4,9.4,11.1,441.4166666666667
22.3,28.4,16.5,57,0,6.3,6.3,11.1,108.0
